Station,Year,24NOX,M1M1O3
QD_AVE,2021,20.53009232,32.90410959
QD_AVE,2022,17.92154556,34.44383562
QD_AVE,2023,18.02364006,35.33013699
QD_AVE,2024,16.77657088,32.31077348
QD_AVE,2025,13.69238138,31.56712329
